Workbook

Sheet Model
A1: =MID(CELL("filename",A1),FIND("]",CELL("filename",A1))+1,255) -> Model
A4: Version | B4: 1.2.3
A5: Start Date | B5: 43831 | C5: mm/yyyy
A6: End Date | B6: 58441 | C6: mm/yyyy
A8: Average Operations Time | B8: 2 | C8: quarters
A10: Index | B10: Workforce Type | C10: Stages | D10: Ranks | E10: Flows
A11: 1 | B11: Officer | C11: Available | D11: Rank 1 | E11: Reset to NSGL
A12: 2 | B12: Sailor | C12: Ready | D12: Rank 2 | E12: NSGL to Available
A13: 3 | C13: Reset | D13: Rank 3 | E13: Reset to Readying
A14: 4 | C14: NSGL | D14: Rank 4 | E14: Readying to Available
A15: 5 | C15: Readying
A18: Slot Mode | B18: ZERO_AVAILABILITY | C18: SIMPLE
C19: ZERO_AVAILABILITY
C20: DECREASE_OPS_TIME

Sheet Fleet Size Schedule
A1: =MID(CELL("filename",A1),FIND("]",CELL("filename",A1))+1,255) -> Fleet Size Schedule
A4: Slot | B4: From | C4: To | D4: Fleet Size | F4: Old Fleet | G4: New Fleet | H4: Fleet Size
A5: 1 | B5: =EDATE( Model!B$5, 3 * ( A5 - 1 ) * Model!B$8 ) -> 43831 | C5: =EDATE( Model!B$5, 3 * ( A5 ) * Model!B$8 ) -> 44013 | F5: 3 | G5: 0 | H5: =F5+G5 -> 3
A6: 2 | B6: =EDATE( Model!B$5, 3 * ( A6 - 1 ) * Model!B$8 ) -> 44013 | C6: =EDATE( Model!B$5, 3 * ( A6 ) * Model!B$8 ) -> 44197 | F6: 3 | G6: 0 | H6: =F6+G6 -> 3
A7: 3 | B7: =EDATE( Model!B$5, 3 * ( A7 - 1 ) * Model!B$8 ) -> 44197 | C7: =EDATE( Model!B$5, 3 * ( A7 ) * Model!B$8 ) -> 44378 | F7: 2 | G7: 0 | H7: =F7+G7 -> 2
A8: 4 | B8: =EDATE( Model!B$5, 3 * ( A8 - 1 ) * Model!B$8 ) -> 44378 | C8: =EDATE( Model!B$5, 3 * ( A8 ) * Model!B$8 ) -> 44562 | F8: 2 | G8: 0 | H8: =F8+G8 -> 2
A9: 5 | B9: =EDATE( Model!B$5, 3 * ( A9 - 1 ) * Model!B$8 ) -> 44562 | C9: =EDATE( Model!B$5, 3 * ( A9 ) * Model!B$8 ) -> 44743 | F9: 2 | G9: 0 | H9: =F9+G9 -> 2
A10: 6 | B10: =EDATE( Model!B$5, 3 * ( A10 - 1 ) * Model!B$8 ) -> 44743 | C10: =EDATE( Model!B$5, 3 * ( A10 ) * Model!B$8 ) -> 44927 | F10: 2 | G10: 0 | H10: =F10+G10 -> 2
A11: 7 | B11: =EDATE( Model!B$5, 3 * ( A11 - 1 ) * Model!B$8 ) -> 44927 | C11: =EDATE( Model!B$5, 3 * ( A11 ) * Model!B$8 ) -> 45108 | F11: 2 | G11: 0 | H11: =F11+G11 -> 2
A12: 8 | B12: =EDATE( Model!B$5, 3 * ( A12 - 1 ) * Model!B$8 ) -> 45108 | C12: =EDATE( Model!B$5, 3 * ( A12 ) * Model!B$8 ) -> 45292 | F12: 2 | G12: 1 | H12: =F12+G12 -> 3
A13: 9 | B13: =EDATE( Model!B$5, 3 * ( A13 - 1 ) * Model!B$8 ) -> 45292 | C13: =EDATE( Model!B$5, 3 * ( A13 ) * Model!B$8 ) -> 45474 | F13: 2 | G13: 1 | H13: =F13+G13 -> 3
A14: 10 | B14: =EDATE( Model!B$5, 3 * ( A14 - 1 ) * Model!B$8 ) -> 45474 | C14: =EDATE( Model!B$5, 3 * ( A14 ) * Model!B$8 ) -> 45658 | F14: 2 | G14: 1 | H14: =F14+G14 -> 3
A15: 11 | B15: =EDATE( Model!B$5, 3 * ( A15 - 1 ) * Model!B$8 ) -> 45658 | C15: =EDATE( Model!B$5, 3 * ( A15 ) * Model!B$8 ) -> 45839 | F15: 2 | G15: 1 | H15: =F15+G15 -> 3
A16: 12 | B16: =EDATE( Model!B$5, 3 * ( A16 - 1 ) * Model!B$8 ) -> 45839 | C16: =EDATE( Model!B$5, 3 * ( A16 ) * Model!B$8 ) -> 46023 | F16: 2 | G16: 1 | H16: =F16+G16 -> 3
... A64: 60 | B64: =EDATE( Model!B$5, 3 * ( A64 - 1 ) * Model!B$8 ) -> 54605 | C64: =EDATE( Model!B$5, 3 * ( A64 ) * Model!B$8 ) -> 54789 | F64: 0 | G64: 8 | H64: =F64+G64 -> 8
A65: 61 | B65: =EDATE( Model!B$5, 3 * ( A65 - 1 ) * Model!B$8 ) -> 54789 | C65: =EDATE( Model!B$5, 3 * ( A65 ) * Model!B$8 ) -> 54970
A66: 62 | B66: =EDATE( Model!B$5, 3 * ( A66 - 1 ) * Model!B$8 ) -> 54970 | C66: =EDATE( Model!B$5, 3 * ( A66 ) * Model!B$8 ) -> 55154
A67: 63 | B67: =EDATE( Model!B$5, 3 * ( A67 - 1 ) * Model!B$8 ) -> 55154 | C67: =EDATE( Model!B$5, 3 * ( A67 ) * Model!B$8 ) -> 55335
A68: 64 | B68: =EDATE( Model!B$5, 3 * ( A68 - 1 ) * Model!B$8 ) -> 55335 | C68: =EDATE( Model!B$5, 3 * ( A68 ) * Model!B$8 ) -> 55519
A69: 65 | B69: =EDATE( Model!B$5, 3 * ( A69 - 1 ) * Model!B$8 ) -> 55519 | C69: =EDATE( Model!B$5, 3 * ( A69 ) * Model!B$8 ) -> 55701
A70: 66 | B70: =EDATE( Model!B$5, 3 * ( A70 - 1 ) * Model!B$8 ) -> 55701 | C70: =EDATE( Model!B$5, 3 * ( A70 ) * Model!B$8 ) -> 55885
A71: 67 | B71: =EDATE( Model!B$5, 3 * ( A71 - 1 ) * Model!B$8 ) -> 55885 | C71: =EDATE( Model!B$5, 3 * ( A71 ) * Model!B$8 ) -> 56066
A72: 68 | B72: =EDATE( Model!B$5, 3 * ( A72 - 1 ) * Model!B$8 ) -> 56066 | C72: =EDATE( Model!B$5, 3 * ( A72 ) * Model!B$8 ) -> 56250
A73: 69 | B73: =EDATE( Model!B$5, 3 * ( A73 - 1 ) * Model!B$8 ) -> 56250 | C73: =EDATE( Model!B$5, 3 * ( A73 ) * Model!B$8 ) -> 56431
A74: 70 | B74: =EDATE( Model!B$5, 3 * ( A74 - 1 ) * Model!B$8 ) -> 56431 | C74: =EDATE( Model!B$5, 3 * ( A74 ) * Model!B$8 ) -> 56615
A75: 71 | B75: =EDATE( Model!B$5, 3 * ( A75 - 1 ) * Model!B$8 ) -> 56615 | C75: =EDATE( Model!B$5, 3 * ( A75 ) * Model!B$8 ) -> 56796
A76: 72 | B76: =EDATE( Model!B$5, 3 * ( A76 - 1 ) * Model!B$8 ) -> 56796 | C76: =EDATE( Model!B$5, 3 * ( A76 ) * Model!B$8 ) -> 56980
... A168: 164 | B168: =EDATE( Model!B$5, 3 * ( A168 - 1 ) * Model!B$8 ) -> 73597 | C168: =EDATE( Model!B$5, 3 * ( A168 ) * Model!B$8 ) -> 73781

Sheet Input Rate Schedule
A1: =MID(CELL("filename",A1),FIND("]",CELL("filename",A1))+1,255) -> Input Rate Schedule
A4: Index | B4: Date | C4: Type | D4: Rates
A5: 1 | B5: 43831 | C5: Sailor | D5: 0
A6: 2 | B6: =EDATE(B5,12) -> 44197 | C6: Sailor | D6: 0
A7: 3 | B7: =EDATE(B6,12) -> 44562 | C7: Sailor | D7: 0
A8: 4 | B8: =EDATE(B7,12) -> 44927 | C8: Sailor | D8: 0
A9: 5 | B9: =EDATE(B8,12) -> 45292 | C9: Sailor | D9: 0
A10: 6 | B10: =EDATE(B9,12) -> 45658 | C10: Sailor | D10: 0
A11: 7 | B11: =EDATE(B10,12) -> 46023 | C11: Sailor | D11: 0
A12: 8 | B12: =EDATE(B11,12) -> 46388 | C12: Sailor | D12: 0
A13: 9 | B13: =EDATE(B12,12) -> 46753 | C13: Sailor | D13: 0
A14: 10 | B14: =EDATE(B13,12) -> 47119 | C14: Sailor | D14: 0
A15: 11 | B15: =EDATE(B14,12) -> 47484 | C15: Sailor | D15: 0
A16: 12 | B16: =EDATE(B15,12) -> 47849 | C16: Sailor | D16: 0
A17: 13 | B17: =EDATE(B16,12) -> 48214 | C17: Sailor | D17: 0
... A34: 30 | B34: =EDATE(B33,12) -> 54424 | C34: Sailor | D34: 0
A35: =A34+1 -> 31 | B35: 43831 | C35: Officer | D35: 0
A36: =A35+1 -> 32 | B36: =EDATE(B35,12) -> 44197 | C36: Officer | D36: 0
A37: =A36+1 -> 33 | B37: =EDATE(B36,12) -> 44562 | C37: Officer | D37: 0
A38: =A37+1 -> 34 | B38: =EDATE(B37,12) -> 44927 | C38: Officer | D38: 0
A39: =A38+1 -> 35 | B39: =EDATE(B38,12) -> 45292 | C39: Officer | D39: 0
A40: =A39+1 -> 36 | B40: =EDATE(B39,12) -> 45658 | C40: Officer | D40: 0
A41: =A40+1 -> 37 | B41: =EDATE(B40,12) -> 46023 | C41: Officer | D41: 0
A42: =A41+1 -> 38 | B42: =EDATE(B41,12) -> 46388 | C42: Officer | D42: 0
A43: =A42+1 -> 39 | B43: =EDATE(B42,12) -> 46753 | C43: Officer | D43: 0
A44: =A43+1 -> 40 | B44: =EDATE(B43,12) -> 47119 | C44: Officer | D44: 0
A45: =A44+1 -> 41 | B45: =EDATE(B44,12) -> 47484 | C45: Officer | D45: 0
A46: =A45+1 -> 42 | B46: =EDATE(B45,12) -> 47849 | C46: Officer | D46: 0
A47: =A46+1 -> 43 | B47: =EDATE(B46,12) -> 48214 | C47: Officer | D47: 0
... A64: =A63+1 -> 60 | B64: =EDATE(B63,12) -> 54424 | C64: Officer | D64: 0

Sheet Workforce-Sailor
A1: =MID(CELL("filename",A1),FIND("]",CELL("filename",A1))+1,255) -> Workforce-Sailor
A2: Input parameters for this workforce (red cells are not mapped to model parameters)
A4: Crew Ranking Structure | B4: Rank 1 | C4: Rank 2 | D4: Rank 3 | E4: Rank 4
A5: Required per Platform | B5: 20 | C5: 13 | D5: 7 | E5: 3
A7: Initial Stocks | B7: Rank 1 | C7: Rank 2 | D7: Rank 3 | E7: Rank 4
A8: Available | B8: 250 | C8: 400 | D8: 250 | E8: 100
A9: Ready | B9: 0 | C9: 0 | D9: 0 | E9: 0
A10: Reset | B10: 0 | C10: 0 | D10: 0 | E10: 0
A11: NSGL | B11: 0 | C11: 0 | D11: 0 | E11: 0
A12: Readying | B12: 0 | C12: 0 | D12: 0 | E12: 0
A14: Average Flow Time (quarters) | B14: Rank 1 | C14: Rank 2 | D14: Rank 3 | E14: Rank 4
A15: Reset To NSGL | B15: 0 | C15: 0 | D15: 0 | E15: 0
A16: NSGL to Available (same rank) | B16: 0 | C16: 0 | D16: 0 | E16: 0
A17: Reset to Readying | B17: 0 | C17: 0 | D17: 0 | E17: 0
A18: Readying to Available (next rank) | B18: 0 | C18: 0 | D18: 0 | E18: 0
A20: Personnel Flows | B20: Rank 1 | C20: Rank 2 | D20: Rank 3 | E20: Rank 4
A21: expected Reset To NSGL | B21: 0 | C21: 0 | D21: 0 | E21: 0
A22: expected NSGL to Available (same rank) | B22: 0 | C22: 0 | D22: 0 | E22: 0
A23: max Reset to Readying | B23: 0 | C23: 0 | D23: 0 | E23: 0
A24: max Readying to Available (next rank) | B24: 0 | C24: 0 | D24: 0 | E24: 0
A26: Loss-Wastage (Fraction) | B26: Rank 1 | C26: Rank 2 | D26: Rank 3 | E26: Rank 4
A27: Available | B27: 0 | C27: 0 | D27: 0 | E27: 0
A28: Ready | B28: 0 | C28: 0 | D28: 0 | E28: 0
A29: Reset | B29: 0.1 | C29: 0.06 | D29: 0.05 | E29: 0.01
A30: NSGL | B30: 0 | C30: 0 | D30: 0 | E30: 0.01
A31: Readying | B31: 0.1 | C31: 0.06 | D31: 0.05 | E31: 0

Sheet Workforce-Officer
A1: =MID(CELL("filename",A1),FIND("]",CELL("filename",A1))+1,255) -> Workforce-Officer
A2: Input parameters for this workforce (red cells are not mapped to model parameters)
A4: Crew Ranking Structure | B4: Rank 1 | C4: Rank 2 | D4: Rank 3 | E4: Rank 4
A5: Required per Platform | B5: 3 | C5: 5 | D5: 3 | E5: 1
A7: Initial Stocks | B7: Rank 1 | C7: Rank 2 | D7: Rank 3 | E7: Rank 4
A8: Available | B8: 100 | C8: 150 | D8: 150 | E8: 100
A9: Ready | B9: 0 | C9: 0 | D9: 0 | E9: 0
A10: Reset | B10: 0 | C10: 0 | D10: 0 | E10: 0
A11: NSGL | B11: 0 | C11: 0 | D11: 0 | E11: 0
A12: Readying | B12: 0 | C12: 0 | D12: 0 | E12: 0
A14: Average Flow Time (quarters) | B14: Rank 1 | C14: Rank 2 | D14: Rank 3 | E14: Rank 4
A15: Reset To NSGL | B15: 0 | C15: 0 | D15: 0 | E15: 0
A16: NSGL to Available (same rank) | B16: 0 | C16: 0 | D16: 0 | E16: 0
A17: Reset to Readying | B17: 0 | C17: 0 | D17: 0 | E17: 0
A18: Readying to Available (next rank) | B18: 0 | C18: 0 | D18: 0 | E18: 0
A20: Personnel Flows | B20: Rank 1 | C20: Rank 2 | D20: Rank 3 | E20: Rank 4
A21: expected Reset To NSGL | B21: 0 | C21: 0 | D21: 0 | E21: 0
A22: expected NSGL to Available (same rank) | B22: 0 | C22: 0 | D22: 0 | E22: 0
A23: max Reset to Readying | B23: 0 | C23: 0 | D23: 0 | E23: 0
A24: max Readying to Available (next rank) | B24: 0 | C24: 0 | D24: 0 | E24: 0
A26: Loss-Wastage (Fraction) | B26: Rank 1 | C26: Rank 2 | D26: Rank 3 | E26: Rank 4
A27: Available | B27: 0 | C27: 0 | D27: 0 | E27: 0
A28: Ready | B28: 0 | C28: 0 | D28: 0 | E28: 0
A29: Reset | B29: 0.07 | C29: 0.06 | D29: 0.05 | E29: 0.01
A30: NSGL | B30: 0 | C30: 0 | D30: 0 | E30: 0.01
A31: Readying | B31: 0.07 | C31: 0.06 | D31: 0.05 | E31: 0

Sheet Cost
A1: Input parameters for workforce cost; i.e., quarterly salary
C3: Rank 1 | D3: Rank 2 | E3: Rank 3 | F3: Rank 4
B4: Officer | C4: 19000 | D4: 25000 | E4: 32000 | F4: 44000
B5: Sailor | C5: 14000 | D5: 16000 | E5: 20000 | F5: 25000
B8: Cost of not deploying a platfrom | C8: 23000000
